{
	"type": "minecraft:chest",
	"pools": [
		{
			"rolls": {
				"min": -1,
				"max": 1
			},
			"entries": [
				{
					"type": "minecraft:item",
					"name": "minecraft:fishing_rod"
				}
			],
			"functions": [
				{
					"function": "minecraft:set_damage",
					"damage": {
						"min": 0.2,
						"max": 0.85
					}
				}
			]
		},
		{
			"rolls": {
				"min": 0,
				"max": 1
			},
			"entries": [
				{
					"type": "minecraft:item",
					"name": "minecraft:prismarine_crystals",
					"functions": [
						{
							"function": "minecraft:set_count",
							"count": {
								"min": 2,
								"max": 4
							}
						}
					]
				}
			]
		},
		{
			"rolls": {
				"min": 0,
				"max": 2
			},
			"entries": [
				{
					"type": "minecraft:item",
					"name": "minecraft:lily_pad"
				},
				{
					"type": "minecraft:item",
					"name": "minecraft:stick"
				},
				{
					"type": "minecraft:alternatives",
					"children": [
						{
							"type": "minecraft:item",
							"name": "minecraft:glow_ink_sac",
							"conditions": [
								{
									"condition": "minecraft:random_chance",
									"chance": 0.5
								}
							]
						},
						{
							"type": "minecraft:item",
							"name": "minecraft:ink_sac"
						}
					]
				}
			]
		}
	]
}
