{
	"type": "minecraft:chest",
	"pools": [
		{
			"rolls": {
				"min": 5,
				"max": 7
			},
			"entries": [
				{
					"type": "minecraft:item",
					"weight": 2,
					"name": "minecraft:bread"
				},
				{
					"type": "minecraft:item",
					"weight": 1,
					"name": "minecraft:cookie",
					"functions": [
						{
							"function": "minecraft:set_count",
							"count": {
								"min": 1,
								"max": 2
							},
							"add": true
						}
					]
				},
				{
					"type": "minecraft:item",
					"quality": 1,
					"name": "minecraft:cake"
				}
			]
		}
	]
}
