{
	"type": "minecraft:random_selector",
	"config": {
		"features": [
			{
				"chance": 0.4,
				"feature": {
					"feature": {
						"type": "minecraft:huge_fungus",
						"config": {
							"hat_state": {
								"Name": "minecraft:warped_wart_block"
							},
							"decor_state": {
								"Name": "minecraft:sea_lantern"
							},
							"stem_state": {
								"Name": "minecraft:warped_stem",
								"Properties": {
									"axis": "y"
								}
							},
							"valid_base_block": {
								"Name": "minecraft:moss_block"
							},
							"planted": true,
							"replaceable_blocks": {
								"type": "minecraft:matching_blocks",
								"blocks": [
									"minecraft:oak_sapling",
									"minecraft:spruce_sapling",
									"minecraft:birch_sapling",
									"minecraft:jungle_sapling",
									"minecraft:acacia_sapling",
									"minecraft:cherry_sapling",
									"minecraft:dark_oak_sapling",
									"minecraft:mangrove_propagule",
									"minecraft:dandelion",
									"minecraft:torchflower",
									"minecraft:poppy",
									"minecraft:blue_orchid",
									"minecraft:allium",
									"minecraft:azure_bluet",
									"minecraft:red_tulip",
									"minecraft:orange_tulip",
									"minecraft:white_tulip",
									"minecraft:pink_tulip",
									"minecraft:oxeye_daisy",
									"minecraft:cornflower",
									"minecraft:wither_rose",
									"minecraft:lily_of_the_valley",
									"minecraft:brown_mushroom",
									"minecraft:red_mushroom",
									"minecraft:wheat",
									"minecraft:sugar_cane",
									"minecraft:attached_pumpkin_stem",
									"minecraft:attached_melon_stem",
									"minecraft:pumpkin_stem",
									"minecraft:melon_stem",
									"minecraft:lily_pad",
									"minecraft:nether_wart",
									"minecraft:cocoa",
									"minecraft:carrots",
									"minecraft:potatoes",
									"minecraft:chorus_plant",
									"minecraft:chorus_flower",
									"minecraft:torchflower_crop",
									"minecraft:pitcher_crop",
									"minecraft:beetroots",
									"minecraft:sweet_berry_bush",
									"minecraft:warped_fungus",
									"minecraft:crimson_fungus",
									"minecraft:weeping_vines",
									"minecraft:weeping_vines_plant",
									"minecraft:twisting_vines",
									"minecraft:twisting_vines_plant",
									"minecraft:cave_vines",
									"minecraft:cave_vines_plant",
									"minecraft:spore_blossom",
									"minecraft:azalea",
									"minecraft:flowering_azalea",
									"minecraft:moss_carpet",
									"minecraft:pink_petals",
									"minecraft:big_dripleaf",
									"minecraft:big_dripleaf_stem",
									"minecraft:small_dripleaf"
								]
							}
						}
					},
					"placement": []
				}
			},
			{
				"chance": 0.4,
				"feature": {
					"feature": {
						"type": "minecraft:huge_fungus",
						"config": {
							"hat_state": {
								"Name": "minecraft:warped_wart_block"
							},
							"decor_state": {
								"Name": "minecraft:shroomlight"
							},
							"stem_state": {
								"Name": "minecraft:warped_stem",
								"Properties": {
									"axis": "y"
								}
							},
							"valid_base_block": {
								"Name": "minecraft:moss_block"
							},
							"planted": true,
							"replaceable_blocks": {
								"type": "minecraft:matching_blocks",
								"blocks": [
									"minecraft:oak_sapling",
									"minecraft:spruce_sapling",
									"minecraft:birch_sapling",
									"minecraft:jungle_sapling",
									"minecraft:acacia_sapling",
									"minecraft:cherry_sapling",
									"minecraft:dark_oak_sapling",
									"minecraft:mangrove_propagule",
									"minecraft:dandelion",
									"minecraft:torchflower",
									"minecraft:poppy",
									"minecraft:blue_orchid",
									"minecraft:allium",
									"minecraft:azure_bluet",
									"minecraft:red_tulip",
									"minecraft:orange_tulip",
									"minecraft:white_tulip",
									"minecraft:pink_tulip",
									"minecraft:oxeye_daisy",
									"minecraft:cornflower",
									"minecraft:wither_rose",
									"minecraft:lily_of_the_valley",
									"minecraft:brown_mushroom",
									"minecraft:red_mushroom",
									"minecraft:wheat",
									"minecraft:sugar_cane",
									"minecraft:attached_pumpkin_stem",
									"minecraft:attached_melon_stem",
									"minecraft:pumpkin_stem",
									"minecraft:melon_stem",
									"minecraft:lily_pad",
									"minecraft:nether_wart",
									"minecraft:cocoa",
									"minecraft:carrots",
									"minecraft:potatoes",
									"minecraft:chorus_plant",
									"minecraft:chorus_flower",
									"minecraft:torchflower_crop",
									"minecraft:pitcher_crop",
									"minecraft:beetroots",
									"minecraft:sweet_berry_bush",
									"minecraft:warped_fungus",
									"minecraft:crimson_fungus",
									"minecraft:weeping_vines",
									"minecraft:weeping_vines_plant",
									"minecraft:twisting_vines",
									"minecraft:twisting_vines_plant",
									"minecraft:cave_vines",
									"minecraft:cave_vines_plant",
									"minecraft:spore_blossom",
									"minecraft:azalea",
									"minecraft:flowering_azalea",
									"minecraft:moss_carpet",
									"minecraft:pink_petals",
									"minecraft:big_dripleaf",
									"minecraft:big_dripleaf_stem",
									"minecraft:small_dripleaf"
								]
							}
						}
					},
					"placement": []
				}
			},
			{
				"chance": 0.3,
				"feature": {
					"feature": {
						"type": "minecraft:tree",
						"ignore_vines": true,
						"config": {
							"minimum_size": {
								"type": "minecraft:three_layers_feature_size"
							},
							"dirt_provider": {
								"type": "minecraft:simple_state_provider",
								"state": {
									"Name": "minecraft:moss_block"
								}
							},
							"trunk_provider": {
								"type": "minecraft:simple_state_provider",
								"state": {
									"Name": "minecraft:mushroom_stem",
									"Properties": {
										"down": "true",
										"east": "true",
										"north": "true",
										"south": "true",
										"up": "false",
										"west": "true"
									}
								}
							},
							"foliage_provider": {
								"type": "minecraft:weighted_state_provider",
								"entries": [
									{
										"weight": 15,
										"data": {
											"Name": "minecraft:prismarine"
										}
									},
									{
										"weight": 7,
										"data": {
											"Name": "minecraft:prismarine_bricks"
										}
									},
									{
										"weight": 1,
										"data": {
											"Name": "minecraft:white_concrete"
										}
									}
								]
							},
							"trunk_placer": {
								"type": "minecraft:dark_oak_trunk_placer",
								"base_height": 10,
								"height_rand_a": 5,
								"height_rand_b": 11
							},
							"foliage_placer": {
								"type": "minecraft:fancy_foliage_placer",
								"radius": {
									"type": "minecraft:uniform",
									"value": {
										"min_inclusive": 5,
										"max_inclusive": 7
									}
								},
								"offset": 1,
								"height": 3
							},
							"decorators": []
						}
					},
					"placement": []
				}
			},
			{
				"chance": 0.3,
				"feature": {
					"feature": {
						"type": "minecraft:tree",
						"ignore_vines": true,
						"config": {
							"minimum_size": {
								"type": "minecraft:three_layers_feature_size"
							},
							"dirt_provider": {
								"type": "minecraft:simple_state_provider",
								"state": {
									"Name": "minecraft:moss_block"
								}
							},
							"trunk_provider": {
								"type": "minecraft:simple_state_provider",
								"state": {
									"Name": "minecraft:mushroom_stem",
									"Properties": {
										"down": "true",
										"east": "true",
										"north": "true",
										"south": "true",
										"up": "true",
										"west": "true"
									}
								}
							},
							"foliage_provider": {
								"type": "minecraft:weighted_state_provider",
								"entries": [
									{
										"weight": 15,
										"data": {
											"Name": "minecraft:warped_wart_block"
										}
									},
									{
										"weight": 7,
										"data": {
											"Name": "minecraft:dark_prismarine"
										}
									},
									{
										"weight": 1,
										"data": {
											"Name": "minecraft:white_concrete"
										}
									}
								]
							},
							"trunk_placer": {
								"type": "minecraft:dark_oak_trunk_placer",
								"base_height": 10,
								"height_rand_a": 5,
								"height_rand_b": 11
							},
							"foliage_placer": {
								"type": "minecraft:fancy_foliage_placer",
								"radius": {
									"type": "minecraft:uniform",
									"value": {
										"min_inclusive": 5,
										"max_inclusive": 7
									}
								},
								"offset": 1,
								"height": 3
							},
							"decorators": []
						}
					},
					"placement": []
				}
			}
		],
		"default": {
			"feature": {
				"type": "minecraft:huge_fungus",
				"config": {
					"hat_state": {
						"Name": "minecraft:warped_wart_block"
					},
					"decor_state": {
						"Name": "minecraft:air"
					},
					"stem_state": {
						"Name": "minecraft:warped_stem",
						"Properties": {
							"axis": "y"
						}
					},
					"valid_base_block": {
						"Name": "minecraft:moss_block"
					},
					"planted": true,
					"replaceable_blocks": {
						"type": "minecraft:matching_blocks",
						"blocks": [
							"minecraft:oak_sapling",
							"minecraft:spruce_sapling",
							"minecraft:birch_sapling",
							"minecraft:jungle_sapling",
							"minecraft:acacia_sapling",
							"minecraft:cherry_sapling",
							"minecraft:dark_oak_sapling",
							"minecraft:mangrove_propagule",
							"minecraft:dandelion",
							"minecraft:torchflower",
							"minecraft:poppy",
							"minecraft:blue_orchid",
							"minecraft:allium",
							"minecraft:azure_bluet",
							"minecraft:red_tulip",
							"minecraft:orange_tulip",
							"minecraft:white_tulip",
							"minecraft:pink_tulip",
							"minecraft:oxeye_daisy",
							"minecraft:cornflower",
							"minecraft:wither_rose",
							"minecraft:lily_of_the_valley",
							"minecraft:brown_mushroom",
							"minecraft:red_mushroom",
							"minecraft:wheat",
							"minecraft:sugar_cane",
							"minecraft:attached_pumpkin_stem",
							"minecraft:attached_melon_stem",
							"minecraft:pumpkin_stem",
							"minecraft:melon_stem",
							"minecraft:lily_pad",
							"minecraft:nether_wart",
							"minecraft:cocoa",
							"minecraft:carrots",
							"minecraft:potatoes",
							"minecraft:chorus_plant",
							"minecraft:chorus_flower",
							"minecraft:torchflower_crop",
							"minecraft:pitcher_crop",
							"minecraft:beetroots",
							"minecraft:sweet_berry_bush",
							"minecraft:warped_fungus",
							"minecraft:crimson_fungus",
							"minecraft:weeping_vines",
							"minecraft:weeping_vines_plant",
							"minecraft:twisting_vines",
							"minecraft:twisting_vines_plant",
							"minecraft:cave_vines",
							"minecraft:cave_vines_plant",
							"minecraft:spore_blossom",
							"minecraft:azalea",
							"minecraft:flowering_azalea",
							"minecraft:moss_carpet",
							"minecraft:pink_petals",
							"minecraft:big_dripleaf",
							"minecraft:big_dripleaf_stem",
							"minecraft:small_dripleaf"
						]
					}
				}
			},
			"placement": []
		}
	}
}
