{
	"pools": [
		{
			"rolls": {
				"type": "minecraft:binomial",
				"n": 5,
				"p": 0.33
			},
			"entries": [
				{
					"type": "minecraft:item",
					"name": "minecraft:gunpowder"
				}
			]
		},
		{
			"rolls": {
				"type": "minecraft:binomial",
				"n": 5,
				"p": 0.5
			},
			"entries": [
				{
					"type": "minecraft:item",
					"name": "minecraft:bone"
				}
			]
		},
		{
			"rolls": {
				"type": "minecraft:binomial",
				"n": 5,
				"p": 0.33
			},
			"entries": [
				{
					"type": "minecraft:item",
					"name": "minecraft:rotten_flesh"
				}
			]
		}
	]
}
