{
	"pools": [
		{
			"rolls": {
				"type": "minecraft:binomial",
				"n": 5,
				"p": 0.33
			},
			"entries": [
				{
					"type": "minecraft:item",
					"name": "minecraft:gunpowder"
				}
			]
		},
		{
			"rolls": {
				"type": "minecraft:binomial",
				"n": 5,
				"p": 0.33
			},
			"entries": [
				{
					"type": "minecraft:item",
					"name": "minecraft:bone"
				}
			]
		},
		{
			"rolls": {
				"type": "minecraft:binomial",
				"n": 5,
				"p": 0.33
			},
			"entries": [
				{
					"type": "minecraft:item",
					"name": "minecraft:rotten_flesh"
				}
			]
		},
		{
			"rolls": 1,
			"bonus_rolls": 0,
			"entries": [
				{
					"type": "minecraft:item",
					"name": "minecraft:emerald",
					"functions": [
						{
							"function": "minecraft:set_count",
							"count": {
								"min": 2,
								"max": 3
							}
						}
					]
				}
			]
		}
	]
}
