{
	"display": {
		"icon": {
			"item": "minecraft:player_head",
			"nbt": "{SkullOwner:{Id:[I;338825254,-1207875601,-1991448209,1955652830],Properties:{textures:[{Value:\"eyJ0ZXh0dXJlcyI6eyJTS0lOIjp7InVybCI6Imh0dHA6Ly90ZXh0dXJlcy5taW5lY3JhZnQubmV0L3RleHR1cmUvZWUyODBjZWZlOTQ2OTExZWE5MGU4N2RlZDFiM2UxODMzMGM2M2EyM2FmNTEyOWRmY2ZlOWE4ZTE2NjU4ODA0MSJ9fX0=\"}]}}}"
		},
		"title": {
			"translate": "stellarity.advancements.the_beggining",
			"fallback": "The Beggining."
		},
		"description": {
			"translate": "stellarity.advancements.the_beggining.description",
			"fallback": "Kill the Wither in The End"
		},
		"frame": "task",
		"show_toast": true,
		"announce_to_chat": true,
		"hidden": true
	},
	"parent": "minecraft:nether/summon_wither",
	"criteria": {
		"kill_wither": {
			"trigger": "minecraft:player_killed_entity",
			"conditions": {
				"entity": {
					"type": "minecraft:wither",
					"location": {
						"dimension": "minecraft:the_end"
					}
				}
			}
		}
	},
	"requirements": [
		[
			"kill_wither"
		]
	]
}
