{
    "feature": "far_end:tundra/island/island_bottom",
    "placement": [
        {
			"type": "minecraft:count",
			"count": 90
		},
		{
			"type": "minecraft:noise_based_count",
			"noise_to_count_ratio": 50,
			"noise_factor": 51,
			"noise_offset": 0.08
		},
        {
            "type": "minecraft:in_square"
        },
        {
            "type": "minecraft:height_range",
            "height": {
                "type": "minecraft:uniform",
                "min_inclusive": {
                    "absolute": 0
                },
                "max_inclusive": {
                    "absolute": 256
                }
            }
        },
        {
            "type": "minecraft:environment_scan",
            "direction_of_search": "up",
            "target_condition": {
                "type": "minecraft:solid"
            },
            "allowed_search_condition": {
                "type": "minecraft:matching_blocks",
                "blocks": [
                    "minecraft:air"
                ]
            },
            "max_steps": 32
        }
    ]
}
