{
	"type": "minecraft:chest",
	"pools": [
		{
			"rolls": 2,
			"entries": [
				{
					"type": "minecraft:item",
					"name": "minecraft:music_disc_strad"
				},
				{
					"type": "minecraft:item",
					"name": "minecraft:music_disc_cat"
				},
				{
					"type": "minecraft:item",
					"name": "minecraft:music_disc_wait"
				},
				{
					"type": "minecraft:item",
					"name": "minecraft:music_disc_mall"
				},
				{
					"type": "minecraft:empty",
					"weight": 3
				}
			]
		},
		{
			"rolls": 1,
			"entries": [
				{
					"type": "minecraft:loot_table",
					"name": "stellarity:village/house/common"
				}
			]
		}
	]
}
