{
    "feature": "far_end:warped/vegetation/water/under_island_extra",
    "placement": [
        {
            "type": "minecraft:count",
            "count": 230
        },
        {
            "type": "minecraft:count",
            "count": 16
        },
        {
            "type": "minecraft:in_square"
        },
        {
            "type": "minecraft:noise_based_count",
            "noise_to_count_ratio": 60,
            "noise_factor": 10,
            "noise_offset": 0
        },
        {
            "type": "minecraft:height_range",
            "height": {
                "type": "minecraft:uniform",
                "min_inclusive": {
                    "above_bottom": 0
                },
                "max_inclusive": {
                    "below_top": 0
                }
            }
        },
        {
            "type": "minecraft:in_square"
        },
        {
            "type": "minecraft:block_predicate_filter",
            "predicate": {
                "type": "minecraft:all_of",
                "predicates": [
                    {
                        "type": "minecraft:matching_blocks",
                        "offset": [
                            0,
                            -1,
                            0
                        ],
                        "blocks": [
                            "minecraft:moss_block",
                            "minecraft:coarse_dirt",
                            "minecraft:rooted_dirt",
                            "minecraft:warped_wart_block"
                        ]
                    },
                    {
                        "type": "minecraft:matching_blocks",
                        "blocks": [
                            "minecraft:water"
                        ]
                    },
                    {
                        "type": "minecraft:matching_blocks",
                        "offset": [
                            0,
                            1,
                            0
                        ],
                        "blocks": [
                            "minecraft:water",
                            "minecraft:air"
                        ]
                    }
                ]
            }
        },
        {
            "type": "minecraft:biome"
        }
    ]
}
