{
	"pools": [
		{
			"rolls": {
				"min": 3,
				"max": 4
			},
			"entries": [
				{
					"type": "minecraft:item",
					"weight": 10,
					"name": "minecraft:oak_log",
					"functions": [
						{
							"function": "minecraft:set_count",
							"count": {
								"min": 2,
								"max": 4
							},
							"add": false
						}
					]
				},
				{
					"type": "minecraft:item",
					"weight": 10,
					"name": "minecraft:oak_leaves",
					"functions": [
						{
							"function": "minecraft:set_count",
							"count": {
								"min": 2,
								"max": 5
							},
							"add": false
						}
					]
				},
				{
					"type": "minecraft:item",
					"weight": 8,
					"name": "minecraft:stick",
					"functions": [
						{
							"function": "minecraft:set_count",
							"count": {
								"min": 3,
								"max": 6
							},
							"add": false
						}
					]
				},
				{
					"type": "minecraft:item",
					"weight": 5,
					"name": "minecraft:apple",
					"functions": [
						{
							"function": "minecraft:set_count",
							"count": {
								"min": 1,
								"max": 2
							},
							"add": false
						}
					]
				},
				{
					"type": "minecraft:item",
					"weight": 6,
					"name": "minecraft:birch_log",
					"functions": [
						{
							"function": "minecraft:set_count",
							"count": {
								"min": 2,
								"max": 3
							},
							"add": false
						}
					]
				},
				{
					"type": "minecraft:item",
					"name": "minecraft:birch_leaves",
					"functions": [
						{
							"function": "minecraft:set_count",
							"count": {
								"min": 2,
								"max": 5
							},
							"add": false
						}
					]
				},
				{
					"type": "minecraft:item",
					"weight": 4,
					"name": "minecraft:tall_grass",
					"functions": [
						{
							"function": "minecraft:set_count",
							"count": {
								"min": 2,
								"max": 4
							},
							"add": false
						}
					]
				},
				{
					"type": "minecraft:item",
					"weight": 1,
					"name": "minecraft:bee_spawn_egg",
					"functions": [
						{
							"function": "minecraft:set_count",
							"count": 1,
							"add": false,
							"conditions": [
								{
									"condition": "minecraft:random_chance",
									"chance": 0.15
								}
							]
						}
					]
				},
				{
					"type": "minecraft:tag",
					"weight": 4,
					"name": "stellarity:pandoras_barrel/flowers/flower_forest",
					"expand": true,
					"functions": [
						{
							"function": "minecraft:set_count",
							"count": {
								"min": 2,
								"max": 4
							},
							"add": false
						}
					]
				}
			]
		}
	]
}
