{
	"display": {
		"icon": {
			"item": "minecraft:player_head",
			"nbt": "{SkullOwner:{Id:[I;899093516,-129810043,-1775847829,-1874518738],Properties:{textures:[{Value:\"eyJ0ZXh0dXJlcyI6eyJTS0lOIjp7InVybCI6Imh0dHA6Ly90ZXh0dXJlcy5taW5lY3JhZnQubmV0L3RleHR1cmUvMTIwYmFmMmVkN2YyMzI2ODAzMTY1YWQ4MDFmYzA1NmQwMDIyNDNiZThjY2YyZDg3ZWEyNmI5Yzc2ZGMzZmE2ZSJ9fX0=\"}]}}}"
		},
		"title": {
			"translate": "stellarity.advancements.blindfolded",
			"fallback": "Blindfolded"
		},
		"description": {
			"translate": "stellarity.advancements.blindfolded.description",
			"fallback": "Enrage an Enderman by looking at it"
		}
	},
	"parent": "minecraft:adventure/root",
	"criteria": {
		"anger_enderman": {
			"trigger": "minecraft:tick",
			"conditions": {
				"player": {
					"type_specific": {
						"type": "player",
						"looking_at": {
							"type": "minecraft:enderman",
							"targeted_entity": {
								"type": "minecraft:player",
								"type_specific": {
									"type": "player",
									"looking_at": {
										"type": "minecraft:enderman"
									}
								}
							}
						}
					}
				}
			}
		}
	}
}
