{
	"display": {
		"icon": {
			"item": "minecraft:dragon_head"
		},
		"title": {
			"translate": "advancements.end.respawn_dragon.title"
		},
		"description": {
			"translate": "advancements.end.respawn_dragon.description"
		},
		"frame": "task",
		"show_toast": true,
		"announce_to_chat": true,
		"hidden": false
	},
	"parent": "minecraft:end/kill_dragon",
	"criteria": {
		"summoned_dragon": {
			"trigger": "minecraft:summoned_entity",
			"conditions": {
				"entity": [
					{
						"condition": "minecraft:entity_properties",
						"entity": "this",
						"predicate": {
							"type": "minecraft:ender_dragon"
						}
					}
				]
			}
		}
	},
	"requirements": [
		[
			"summoned_dragon"
		]
	]
}
