{
	"type": "minecraft:entity",
	"pools": [
		{
			"rolls": {
				"type": "minecraft:uniform",
				"min": 2,
				"max": 3
			},
			"bonus_rolls": 0,
			"entries": [
				{
					"type": "minecraft:item",
					"name": "minecraft:glowstone_dust",
					"functions": [
						{
							"function": "minecraft:set_count",
							"count": {
								"type": "minecraft:uniform",
								"min": 0,
								"max": 3
							},
							"add": false
						},
						{
							"function": "minecraft:looting_enchant",
							"count": {
								"type": "minecraft:uniform",
								"min": 0,
								"max": 1
							}
						}
					]
				},
				{
					"type": "minecraft:item",
					"name": "minecraft:sugar",
					"functions": [
						{
							"function": "minecraft:set_count",
							"count": {
								"type": "minecraft:uniform",
								"min": 0,
								"max": 3
							},
							"add": false
						},
						{
							"function": "minecraft:looting_enchant",
							"count": {
								"type": "minecraft:uniform",
								"min": 0,
								"max": 1
							}
						}
					]
				},
				{
					"type": "minecraft:item",
					"name": "minecraft:redstone",
					"functions": [
						{
							"function": "minecraft:set_count",
							"count": {
								"type": "minecraft:uniform",
								"min": 0,
								"max": 3
							},
							"add": false
						},
						{
							"function": "minecraft:looting_enchant",
							"count": {
								"type": "minecraft:uniform",
								"min": 0,
								"max": 1
							}
						}
					]
				},
				{
					"type": "minecraft:item",
					"name": "minecraft:spider_eye",
					"functions": [
						{
							"function": "minecraft:set_count",
							"count": {
								"type": "minecraft:uniform",
								"min": 0,
								"max": 3
							},
							"add": false
						},
						{
							"function": "minecraft:looting_enchant",
							"count": {
								"type": "minecraft:uniform",
								"min": 0,
								"max": 1
							}
						}
					]
				},
				{
					"type": "minecraft:item",
					"name": "minecraft:glass_bottle",
					"functions": [
						{
							"function": "minecraft:set_count",
							"count": {
								"type": "minecraft:uniform",
								"min": 0,
								"max": 2
							},
							"add": false
						},
						{
							"function": "minecraft:looting_enchant",
							"count": {
								"type": "minecraft:uniform",
								"min": 0,
								"max": 1
							}
						}
					]
				},
				{
					"type": "minecraft:item",
					"name": "minecraft:gunpowder",
					"functions": [
						{
							"function": "minecraft:set_count",
							"count": {
								"type": "minecraft:uniform",
								"min": 0,
								"max": 3
							},
							"add": false
						},
						{
							"function": "minecraft:looting_enchant",
							"count": {
								"type": "minecraft:uniform",
								"min": 0,
								"max": 1
							}
						}
					]
				},
				{
					"type": "minecraft:item",
					"weight": 2,
					"name": "minecraft:stick",
					"functions": [
						{
							"function": "minecraft:set_count",
							"count": {
								"type": "minecraft:uniform",
								"min": 0,
								"max": 3
							},
							"add": false
						},
						{
							"function": "minecraft:looting_enchant",
							"count": {
								"type": "minecraft:uniform",
								"min": 0,
								"max": 1
							}
						}
					]
				},
				{
					"type": "minecraft:item",
					"name": "minecraft:nether_wart",
					"functions": [
						{
							"function": "minecraft:set_count",
							"count": {
								"min": 0,
								"max": 5
							},
							"add": false
						}
					]
				},
				{
					"type": "minecraft:item",
					"weight": 2,
					"name": "minecraft:potion",
					"functions": [
						{
							"function": "minecraft:set_nbt",
							"tag": "{Potion:\"minecraft:water\"}"
						}
					]
				}
			]
		}
	]
}
