{
	"condition": "minecraft:any_of",
	"terms": [
		{
			"condition": "minecraft:entity_scores",
			"entity": "this",
			"scores": {
				"stellarity.misc.shot_bow": {
					"min": 1
				}
			}
		},
        {
			"condition": "minecraft:entity_scores",
			"entity": "this",
			"scores": {
				"stellarity.misc.used_ender_pearl": {
					"min": 1
				}
			}
		},
        {
			"condition": "minecraft:entity_scores",
			"entity": "this",
			"scores": {
				"stellarity.misc.flight_speed": {
					"min": 1
				}
			}
		}
	]
}
