{
	"type": "minecraft:chest",
	"pools": [
		{
			"rolls": {
				"min": 3,
				"max": 4
			},
			"bonus_rolls": 0,
			"entries": [
				{
					"type": "minecraft:item",
					"weight": 8,
					"name": "minecraft:ender_pearl"
				},
				{
					"type": "minecraft:item",
					"weight": 4,
					"quality": 1,
					"name": "minecraft:ender_eye"
				},
				{
					"type": "minecraft:item",
					"weight": 3,
					"name": "minecraft:blaze_powder"
				},
				{
					"type": "minecraft:empty",
					"weight": 8
				}
			]
		}
	]
}
