{
	"type": "minecraft:chest",
	"pools": [
		{
			"rolls": 5,
			"bonus_rolls": 0,
			"entries": [
				{
					"type": "minecraft:item",
					"weight": 3,
					"quality": 1,
					"name": "minecraft:diamond",
					"functions": [
						{
							"function": "minecraft:set_count",
							"count": {
								"type": "minecraft:uniform",
								"min": 1,
								"max": 2
							},
							"add": false
						}
					]
				},
				{
					"type": "minecraft:item",
					"weight": 6,
					"name": "minecraft:iron_ingot",
					"functions": [
						{
							"function": "minecraft:set_count",
							"count": {
								"type": "minecraft:uniform",
								"min": 1,
								"max": 2
							},
							"add": false
						}
					]
				},
				{
					"type": "minecraft:item",
					"weight": 7,
					"name": "minecraft:gold_ingot",
					"functions": [
						{
							"function": "minecraft:set_count",
							"count": {
								"type": "minecraft:uniform",
								"min": 1,
								"max": 2
							},
							"add": false
						}
					]
				},
				{
					"type": "minecraft:item",
					"weight": 8,
					"name": "minecraft:emerald",
					"functions": [
						{
							"function": "minecraft:set_count",
							"count": {
								"type": "minecraft:uniform",
								"min": 1,
								"max": 3
							},
							"add": false
						}
					]
				}
			]
		}
	]
}
