{
	"sea_level": 0,
	"disable_mob_generation": true,
	"aquifers_enabled": false,
	"ore_veins_enabled": false,
	"legacy_random_source": false,
	"default_block": {
		"Name": "minecraft:end_stone"
	},
	"default_fluid": {
		"Name": "minecraft:air"
	},
	"noise": {
		"min_y": 0,
		"height": 256,
		"size_horizontal": 4,
		"size_vertical": 2
	},
	"noise_router": {
		"barrier": 0,
		"fluid_level_floodedness": 0,
		"fluid_level_spread": 0,
		"lava": 0,
		"temperature": {
			"type": "minecraft:shifted_noise",
			"noise": "stellarity:temperature",
			"xz_scale": 0.25,
			"y_scale": 0,
			"shift_x": "minecraft:shift_x",
			"shift_y": 0,
			"shift_z": "minecraft:shift_z"
		},
		"vegetation": {
			"type": "minecraft:shifted_noise",
			"noise": "stellarity:vegetation",
			"xz_scale": 0.25,
			"y_scale": 0,
			"shift_x": "minecraft:shift_x",
			"shift_y": 0,
			"shift_z": "minecraft:shift_z"
		},
		"continents": "stellarity:continents",
		"erosion": "stellarity:erosion",
		"depth": "stellarity:depth",
		"ridges": "stellarity:ridges",
		"initial_density_without_jaggedness": "stellarity:initial_density",
		"final_density": "stellarity:final_density",
		"vein_toggle": 0,
		"vein_ridged": 0,
		"vein_gap": 0
	},
	"spawn_target": [],
	"surface_rule": {
		"type": "minecraft:sequence",
		"sequence": [
			{
				"type": "minecraft:condition",
				"if_true": {
					"type": "minecraft:biome",
					"biome_is": [
						"stellarity:dragons_den"
					]
				},
				"then_run": {
					"type": "minecraft:condition",
					"if_true": {
						"type": "minecraft:stone_depth",
						"offset": 2,
						"surface_type": "floor",
						"add_surface_depth": false,
						"secondary_depth_range": 6
					},
					"then_run": {
						"type": "minecraft:sequence",
						"sequence": [
							{
								"type": "minecraft:condition",
								"if_true": {
									"type": "minecraft:noise_threshold",
									"noise": "minecraft:surface",
									"min_threshold": -0.03,
									"max_threshold": 0.02
								},
								"then_run": {
									"type": "minecraft:block",
									"result_state": {
										"Name": "minecraft:basalt",
										"Properties": {
											"axis": "y"
										}
									}
								}
							},
							{
								"type": "minecraft:condition",
								"if_true": {
									"type": "minecraft:noise_threshold",
									"noise": "minecraft:surface",
									"min_threshold": -0.05,
									"max_threshold": 0.04
								},
								"then_run": {
									"type": "minecraft:block",
									"result_state": {
										"Name": "minecraft:smooth_basalt"
									}
								}
							}
						]
					}
				}
			},
			{
				"type": "minecraft:sequence",
				"sequence": [
					{
						"type": "minecraft:condition",
						"if_true": {
							"type": "minecraft:biome",
							"biome_is": [
								"far_end:amethyst_forest"
							]
						},
						"then_run": {
							"type": "minecraft:condition",
							"if_true": {
								"type": "minecraft:stone_depth",
								"offset": 1,
								"surface_type": "floor",
								"add_surface_depth": false,
								"secondary_depth_range": 6
							},
							"then_run": {
								"type": "minecraft:condition",
								"if_true": {
									"type": "minecraft:noise_threshold",
									"noise": "minecraft:surface",
									"min_threshold": 0.3,
									"max_threshold": 0.37
								},
								"then_run": {
									"type": "minecraft:block",
									"result_state": {
										"Name": "minecraft:amethyst_block"
									}
								}
							}
						}
					}
				]
			},
			{
				"type": "minecraft:sequence",
				"sequence": [
					{
						"type": "minecraft:condition",
						"if_true": {
							"type": "minecraft:biome",
							"biome_is": [
								"stellarity:prismarine_forest"
							]
						},
						"then_run": {
							"type": "minecraft:condition",
							"if_true": {
								"type": "minecraft:stone_depth",
								"offset": 1,
								"surface_type": "floor",
								"add_surface_depth": false,
								"secondary_depth_range": 6
							},
							"then_run": {
								"type": "minecraft:condition",
								"if_true": {
									"type": "minecraft:noise_threshold",
									"noise": "minecraft:surface",
									"min_threshold": 0.3,
									"max_threshold": 0.37
								},
								"then_run": {
									"type": "minecraft:block",
									"result_state": {
										"Name": "minecraft:prismarine"
									}
								}
							}
						}
					}
				]
			},
			{
				"type": "minecraft:condition",
				"if_true": {
					"type": "minecraft:biome",
					"biome_is": [
						"stellarity:blazing_dunes"
					]
				},
				"then_run": {
					"type": "minecraft:sequence",
					"sequence": [
						{
							"type": "minecraft:condition",
							"if_true": {
								"type": "minecraft:stone_depth",
								"offset": 0,
								"surface_type": "floor",
								"add_surface_depth": true,
								"secondary_depth_range": 6
							},
							"then_run": {
								"type": "minecraft:sequence",
								"sequence": [
									{
										"type": "minecraft:condition",
										"if_true": {
											"type": "minecraft:noise_threshold",
											"noise": "minecraft:surface",
											"min_threshold": 0,
											"max_threshold": 0.2
										},
										"then_run": {
											"type": "minecraft:sequence",
											"sequence": [
												{
													"type": "minecraft:sequence",
													"sequence": [
														{
															"type": "minecraft:condition",
															"if_true": {
																"type": "minecraft:stone_depth",
																"offset": 0,
																"surface_type": "floor",
																"add_surface_depth": false,
																"secondary_depth_range": 0
															},
															"then_run": {
																"type": "minecraft:block",
																"result_state": {
																	"Name": "minecraft:red_sand"
																}
															}
														},
														{
															"type": "minecraft:block",
															"result_state": {
																"Name": "minecraft:red_sandstone"
															}
														}
													]
												}
											]
										}
									}
								]
							}
						},
						{
							"type": "minecraft:condition",
							"if_true": {
								"type": "minecraft:noise_threshold",
								"noise": "minecraft:surface",
								"min_threshold": 0.2,
								"max_threshold": 0.4
							},
							"then_run": {
								"type": "minecraft:condition",
								"if_true": {
									"type": "minecraft:stone_depth",
									"offset": 4,
									"surface_type": "floor",
									"add_surface_depth": true,
									"secondary_depth_range": 6
								},
								"then_run": {
									"type": "minecraft:block",
									"result_state": {
										"Name": "minecraft:smooth_basalt"
									}
								}
							}
						},
						{
							"type": "minecraft:condition",
							"if_true": {
								"type": "minecraft:noise_threshold",
								"noise": "minecraft:surface",
								"min_threshold": 0.05,
								"max_threshold": 1
							},
							"then_run": {
								"type": "minecraft:condition",
								"if_true": {
									"type": "minecraft:stone_depth",
									"offset": 2,
									"surface_type": "floor",
									"add_surface_depth": true,
									"secondary_depth_range": 6
								},
								"then_run": {
									"type": "minecraft:block",
									"result_state": {
										"Name": "minecraft:magma_block"
									}
								}
							}
						},
						{
							"type": "minecraft:condition",
							"if_true": {
								"type": "minecraft:noise_threshold",
								"noise": "minecraft:surface",
								"min_threshold": -0.2,
								"max_threshold": 0.01
							},
							"then_run": {
								"type": "minecraft:condition",
								"if_true": {
									"type": "minecraft:stone_depth",
									"offset": 0,
									"surface_type": "floor",
									"add_surface_depth": true,
									"secondary_depth_range": 6
								},
								"then_run": {
									"type": "minecraft:block",
									"result_state": {
										"Name": "minecraft:blackstone"
									}
								}
							}
						}
					]
				}
			},
			{
				"type": "minecraft:condition",
				"if_true": {
					"type": "minecraft:biome",
					"biome_is": [
						"far_end:warped_marsh"
					]
				},
				"then_run": {
					"type": "minecraft:condition",
					"if_true": {
						"type": "minecraft:stone_depth",
						"offset": 2,
						"surface_type": "floor",
						"add_surface_depth": false,
						"secondary_depth_range": 6
					},
					"then_run": {
						"type": "minecraft:sequence",
						"sequence": [
							{
								"type": "minecraft:condition",
								"if_true": {
									"type": "minecraft:noise_threshold",
									"noise": "minecraft:surface",
									"min_threshold": -0.07,
									"max_threshold": 0.05
								},
								"then_run": {
									"type": "minecraft:block",
									"result_state": {
										"Name": "minecraft:warped_wart_block"
									}
								}
							},
							{
								"type": "minecraft:block",
								"result_state": {
									"Name": "minecraft:moss_block"
								}
							}
						]
					}
				}
			},
			{
				"type": "minecraft:condition",
				"if_true": {
					"type": "minecraft:biome",
					"biome_is": [
						"far_end:ashfall_delta"
					]
				},
				"then_run": {
					"type": "minecraft:condition",
					"if_true": {
						"type": "minecraft:stone_depth",
						"offset": 2,
						"surface_type": "floor",
						"add_surface_depth": true,
						"secondary_depth_range": 6
					},
					"then_run": {
						"type": "minecraft:block",
						"result_state": {
							"Name": "minecraft:blackstone"
						}
					}
				}
			},
			{
				"type": "minecraft:condition",
				"if_true": {
					"type": "minecraft:biome",
					"biome_is": [
						"minecraft:end_highlands",
						"far_end:amethyst_forest",
						"stellarity:prismarine_forest",
						"stellarity:the_hallow"
					]
				},
				"then_run": {
					"type": "minecraft:condition",
					"if_true": {
						"type": "minecraft:stone_depth",
						"offset": 0,
						"surface_type": "floor",
						"add_surface_depth": true,
						"secondary_depth_range": 6
					},
					"then_run": {
						"type": "minecraft:sequence",
						"sequence": [
							{
								"type": "minecraft:condition",
								"if_true": {
									"type": "minecraft:stone_depth",
									"offset": 0,
									"surface_type": "floor",
									"add_surface_depth": false,
									"secondary_depth_range": 0
								},
								"then_run": {
									"type": "minecraft:block",
									"result_state": {
										"Name": "minecraft:grass_block",
										"Properties": {
											"snowy": "false"
										}
									}
								}
							},
							{
								"type": "minecraft:block",
								"result_state": {
									"Name": "minecraft:dirt"
								}
							}
						]
					}
				}
			},
			{
				"type": "minecraft:condition",
				"if_true": {
					"type": "minecraft:biome",
					"biome_is": [
						"far_end:flesh_tundra"
					]
				},
				"then_run": {
					"type": "minecraft:condition",
					"if_true": {
						"type": "minecraft:stone_depth",
						"offset": 2,
						"surface_type": "floor",
						"add_surface_depth": false,
						"secondary_depth_range": 6
					},
					"then_run": {
						"type": "minecraft:sequence",
						"sequence": [
							{
								"type": "minecraft:condition",
								"if_true": {
									"type": "minecraft:noise_threshold",
									"noise": "minecraft:surface",
									"min_threshold": -0.03,
									"max_threshold": 0.02
								},
								"then_run": {
									"type": "minecraft:block",
									"result_state": {
										"Name": "minecraft:basalt",
										"Properties": {
											"axis": "y"
										}
									}
								}
							},
							{
								"type": "minecraft:condition",
								"if_true": {
									"type": "minecraft:noise_threshold",
									"noise": "minecraft:surface",
									"min_threshold": -0.05,
									"max_threshold": 0.04
								},
								"then_run": {
									"type": "minecraft:block",
									"result_state": {
										"Name": "minecraft:smooth_basalt"
									}
								}
							}
						]
					}
				}
			},
			{
				"type": "minecraft:condition",
				"if_true": {
					"type": "minecraft:biome",
					"biome_is": [
						"stellarity:frosted_hills"
					]
				},
				"then_run": {
					"type": "minecraft:sequence",
					"sequence": [
						{
							"type": "minecraft:condition",
							"if_true": {
								"type": "minecraft:noise_threshold",
								"noise": "minecraft:surface",
								"min_threshold": -0.11,
								"max_threshold": 0.04
							},
							"then_run": {
								"type": "minecraft:condition",
								"if_true": {
									"type": "minecraft:stone_depth",
									"offset": 0,
									"surface_type": "floor",
									"add_surface_depth": true,
									"secondary_depth_range": 0
								},
								"then_run": {
									"type": "minecraft:block",
									"result_state": {
										"Name": "minecraft:ice"
									}
								}
							}
						},
						{
							"type": "minecraft:condition",
							"if_true": {
								"type": "minecraft:noise_threshold",
								"noise": "minecraft:powder_snow",
								"min_threshold": 0.45,
								"max_threshold": 0.6
							},
							"then_run": {
								"type": "minecraft:condition",
								"if_true": {
									"type": "minecraft:stone_depth",
									"offset": 0,
									"surface_type": "floor",
									"add_surface_depth": false,
									"secondary_depth_range": 0
								},
								"then_run": {
									"type": "minecraft:block",
									"result_state": {
										"Name": "minecraft:powder_snow"
									}
								}
							}
						}
					]
				}
			},
			{
				"type": "minecraft:condition",
				"if_true": {
					"type": "minecraft:biome",
					"biome_is": [
						"stellarity:frosted_hills"
					]
				},
				"then_run": {
					"type": "minecraft:sequence",
					"sequence": [
						{
							"type": "minecraft:condition",
							"if_true": {
								"type": "minecraft:stone_depth",
								"offset": 2,
								"surface_type": "floor",
								"add_surface_depth": true,
								"secondary_depth_range": 0
							},
							"then_run": {
								"type": "minecraft:block",
								"result_state": {
									"Name": "minecraft:snow_block"
								}
							}
						},
						{
							"type": "minecraft:block",
							"result_state": {
								"Name": "minecraft:calcite"
							}
						}
					]
				}
			},
			{
				"type": "minecraft:condition",
				"if_true": {
					"type": "minecraft:biome",
					"biome_is": [
						"stellarity:sculk_growth"
					]
				},
				"then_run": {
					"type": "minecraft:sequence",
					"sequence": [
						{
							"type": "minecraft:condition",
							"if_true": {
								"type": "minecraft:stone_depth",
								"offset": 0,
								"surface_type": "floor",
								"add_surface_depth": true,
								"secondary_depth_range": 0
							},
							"then_run": {
								"type": "minecraft:block",
								"result_state": {
									"Name": "minecraft:sculk"
								}
							}
						},
						{
							"type": "minecraft:block",
							"result_state": {
								"Name": "minecraft:blackstone"
							}
						}
					]
				}
			},
			{
				"type": "minecraft:sequence",
				"sequence": [
					{
						"type": "minecraft:condition",
						"if_true": {
							"type": "minecraft:biome",
							"biome_is": [
								"far_end:amethyst_forest",
								"stellarity:the_hallow"
							]
						},
						"then_run": {
							"type": "minecraft:block",
							"result_state": {
								"Name": "minecraft:diorite"
							}
						}
					},
					{
						"type": "minecraft:condition",
						"if_true": {
							"type": "minecraft:biome",
							"biome_is": [
								"minecraft:end_highlands"
							]
						},
						"then_run": {
							"type": "minecraft:block",
							"result_state": {
								"Name": "minecraft:granite"
							}
						}
					},
					{
						"type": "minecraft:condition",
						"if_true": {
							"type": "minecraft:biome",
							"biome_is": [
								"minecraft:end_highlands"
							]
						},
						"then_run": {
							"type": "minecraft:block",
							"result_state": {
								"Name": "minecraft:granite"
							}
						}
					},
					{
						"type": "minecraft:condition",
						"if_true": {
							"type": "minecraft:biome",
							"biome_is": [
								"far_end:flesh_tundra"
							]
						},
						"then_run": {
							"type": "minecraft:block",
							"result_state": {
								"Name": "minecraft:netherrack"
							}
						}
					},
					{
						"type": "minecraft:condition",
						"if_true": {
							"type": "minecraft:biome",
							"biome_is": [
								"stellarity:prismarine_forest"
							]
						},
						"then_run": {
							"type": "minecraft:block",
							"result_state": {
								"Name": "minecraft:prismarine"
							}
						}
					},
					{
						"type": "minecraft:condition",
						"if_true": {
							"type": "minecraft:biome",
							"biome_is": [
								"far_end:void"
							]
						},
						"then_run": {
							"type": "minecraft:block",
							"result_state": {
								"Name": "minecraft:blackstone"
							}
						}
					}
				]
			}
		]
	}
}
